[
  {
    "id": 1,
    "title": "Doa Sebelum Makan",
    "arabic": "بِسْمِ اللهِ وَعَلَى بَرَكَةِ اللهِ",
    "latin": "Bismillahi wa 'ala barakatillah",
    "translation": "Dengan menyebut nama Allah dan atas berkah Allah"
  },
  {
    "id": 2,
    "title": "Doa Sesudah Makan",
    "arabic": "اَلْحَمْدُ ِللهِ الَّذِىْ اَطْعَمَنَا وَسَقَانَا وَجَعَلَنَا مُسْلِمِيْنَ",
    "latin": "Alhamdu lillahil ladzi ath'amana wa saqona wa ja'alana minal muslimin",
    "translation": "Segala puji bagi Allah yang telah memberi kami makan dan minum serta menjadikan kami termasuk orang-orang muslim"
  },
  {
    "id": 3,
    "title": "Doa Bangun Tidur",
    "arabic": "اَلْحَمْدُ ِللهِ الَّذِى أَحْيَانَا بَعْدَ مَا أَمَاتَنَا وَإِلَيْهِ النُّشُوْرُ",
    "latin": "Alhamdu lillahil ladzi ahyana ba'da ma amatana wa ilaihin nusyur",
    "translation": "Segala puji bagi Allah yang telah menghidupkan kami sesudah kami mati (membangunkan dari tidur) dan hanya kepada-Nya kami dikembalikan"
  },
  {
    "id": 4,
    "title": "Doa Sebelum Tidur",
    "arabic": "بِاسْمِكَ اللَّهُمَّ أَمُوتُ وَأَحْيَا",
    "latin": "Bismika Allahumma amutu wa ahya",
    "translation": "Dengan nama-Mu ya Allah aku mati dan aku hidup"
  },
  {
    "id": 5,
    "title": "Doa Keluar Rumah",
    "arabic": "بِسْمِ اللهِ تَوَكَّلْتُ عَلَى اللهِ لاَ حَوْلَ وَلاَ قُوَّةَ إِلاَّ بِاللهِ",
    "latin": "Bismillahi tawakkaltu 'alallahi la hawla wala quwwata illa billah",
    "translation": "Dengan nama Allah, aku bertawakal kepada Allah, tiada daya dan kekuatan kecuali dengan pertolongan Allah"
  },
  {
    "id": 6,
    "title": "Doa Masuk Rumah",
    "arabic": "اَللَّهُمَّ إِنِّي أَسْأَلُكَ خَيْرَ الْمَوْلِجِ وَخَيْرَ الْمَخْرَجِ بِسْمِ اللهِ وَلَجْنَا وَبِسْمِ اللهِ خَرَجْنَا وَعَلَى اللهِ رَبِّنَا تَوَكَّلْنَا",
    "latin": "Allahumma inni as aluka khairal mauliji wa khairal makhraji bismillahi walajnaa wa bismillahi kharajnaa wa'alallahi rabbina tawakkalna",
    "translation": "Ya Allah, sesungguhnya aku mohon kepada-Mu baiknya tempat masuk dan baiknya tempat keluar dengan menyebut nama Allah kami masuk, dan dengan menyebut nama Allah kami keluar, dan kepada Allah Tuhan kami, kami bertawakkal"
  },
  {
    "id": 7,
    "title": "Doa Naik Kendaraan",
    "arabic": "سُبْحَانَ الَّذِي سَخَّرَ لَنَا هَذَا وَمَا كُنَّا لَهُ مُقْرِنِينَ وَإِنَّا إِلَى رَبِّنَا لَمُنْقَلِبُونَ",
    "latin": "Subhaanalladzi sakhkhara lana hadza wa ma kunna lahu muqrinin. Wa inna ila Rabbina lamunqalibun",
    "translation": "Maha Suci Allah yang telah menundukkan semua ini bagi kami padahal kami sebelumnya tidak mampu menguasainya, dan sesungguhnya kami akan kembali kepada Tuhan kami"
  },
  {
    "id": 8,
    "title": "Doa Ketika Turun Hujan",
    "arabic": "اللَّهُمَّ صَيِّبًا نَافِعًا",
    "latin": "Allahumma shayyiban nafi'a",
    "translation": "Ya Allah, turunkanlah hujan yang bermanfaat"
  },
  {
    "id": 9,
    "title": "Doa Memohon Ilmu yang Bermanfaat",
    "arabic": "اللَّهُمَّ انْفَعْنِي بِمَا عَلَّمْتَنِي وَعَلِّمْنِي مَا يَنْفَعُنِي وَزِدْنِي عِلْمًا",
    "latin": "Allahumma anfa'ni bima 'allamtani wa 'allimni ma yanfa'uni wa zidni 'ilma",
    "translation": "Ya Allah, berikanlah manfaat kepadaku dengan apa yang telah Engkau ajarkan kepadaku, dan ajarkanlah kepadaku apa yang bermanfaat bagiku, serta tambahkanlah kepadaku ilmu"
  },
  {
    "id": 10,
    "title": "Doa Mohon Keberkahan Waktu",
    "arabic": "اللَّهُمَّ بَارِكْ لَنَا فِي رَجَبٍ وَشَعْبَانَ وَبَلِّغْنَا رَمَضَانَ",
    "latin": "Allahumma barik lana fi Rajaba wa Sya'bana wa ballighna Ramadhan",
    "translation": "Ya Allah, berkahilah kami pada bulan Rajab dan Sya'ban, dan sampaikanlah kami kepada bulan Ramadhan"
  }
]
